Index,Customer Id,First Name,Last Name,Company,City,Country,Phone 1,Phone 2,Email,Subscription Date,Website
1,EB54EF1154C3A78,Heather,Callahan,Mosley-David,Lake Jeffborough,Norway,043-797-5229,915.112.1727,urangel@espinoza-francis.net,2020-08-26,http://www.escobar.org/
2,10dAcafEBbA5FcA,Kristina,Ferrell,"Horn, Shepard and Watson",Aaronville,Andorra,932-062-1802,(209)172-7124x3651,xreese@hall-donovan.com,2020-04-27,https://tyler-pugh.info/
3,67DAB15Ebe4BE4a,Briana,Andersen,Irwin-Oneal,East Jordan,Nepal,8352752061,(567)135-1918,haleybraun@blevins-sexton.com,2022-03-22,https://www.mack-bell.net/
4,6d350C5E5eDB4EE,Patty,Ponce,Richardson Group,East Kristintown,Northern Mariana Islands,302.398.3833,196-189-7767x770,hohailey@anthony.com,2020-07-02,https://delacruz-freeman.org/
5,5820deAdCF23EFe,Kathleen,Mccormick,Carson-Burch,Andresmouth,Macao,001-184-153-9683x1497,552.051.2979x342,alvaradojesse@rangel-shields.com,2021-01-17,https://welch.info/
6,E1CDEaC63fDd5aA,Trevor,Lee,Maddox Group,Lake Madelineburgh,Senegal,+1-134-348-0265x9132,+1-313-882-4167,briangriffin@chang.org,2021-08-13,https://www.roberts.com/
7,3e1187fCcebC8d2,Mathew,Hoffman,"Bender, Pittman and Kidd",West Ralph,Uzbekistan,842.380.1168,(178)178-5447x32603,bauergerald@morrison.com,2020-04-09,http://www.holt.com/
8,47C5cEE243c9A7b,Glenn,Wiggins,Glenn-Harvey,Ambershire,Falkland Islands (Malvinas),245-207-5608x563,8806867785,changkellie@howell.com,2021-04-02,http://carlson.com/
9,cacaD68a5e4BF4b,Bruce,Payne,"Arroyo, Cain and Hudson",Barrettview,Zimbabwe,391.313.4649x42910,166.227.5055,mayerjerome@hurst-graham.net,2020-11-26,https://www.glenn-snow.com/
10,436b9c41cfb1fa3,Brendan,Franco,"Schaefer, Blair and Shaffer",New Rickey,Ukraine,001-315-224-3556,254-621-7128x7573,kentryan@stone-oneill.com,2021-06-29,http://ruiz.com/
11,9653ca648e2E414,Martin,Hawkins,Lopez Inc,Lake Bobton,Mauritania,001-402-567-1320,732-908-7945,danielbuckley@hatfield.info,2021-05-02,https://www.newman.com/
12,e586A2D67bcdB48,Sara,Shaffer,"Dudley, Coleman and Green",Orrland,Gambia,4229986278,001-028-824-7381x56737,gabrielaleach@rose.net,2021-04-07,https://www.hoffman-rubio.com/
13,c388ECa44FFe37c,Dave,Moran,Harrell-Donovan,South Elizabeth,Sweden,575.006.7250x9748,262-029-1096,cartermallory@chung.com,2020-02-28,https://hinton.info/
14,f8dddbf9CD6FF92,Glen,Hammond,"Schaefer, Chung and Lin",Pamelatown,Netherlands,001-887-543-3745x055,001-955-888-1987x09071,lweeks@hooper.org,2022-03-03,https://bush-huynh.org/
15,86Df56BFCc0a7CA,Catherine,Blackwell,"Mack, Garcia and Schaefer",Lake Seth,Dominican Republic,001-915-961-8896x5744,(310)185-3032x0974,calhounalisha@hardin.net,2021-03-30,https://barker-bishop.info/
16,2cfDE68A372cC7A,Larry,Newton,Downs PLC,Mannstad,Belize,(216)514-1412,001-449-365-5864x147,ypayne@gaines.biz,2020-08-09,https://figueroa.com/
17,14CBc0BDfbE6FEA,Danny,Archer,"Castro, Haney and Hanna",East Diamond,Cook Islands,8416559700,001-212-234-3412x91164,nwu@brady-chen.com,2021-05-21,http://www.callahan.net/
18,48b3ACBfD6A5cdC,Kim,Griffin,Tyler-Levine,New Gwendolyn,Saint Kitts and Nevis,597.367.9499x5429,506.141.4174x6326,harold11@mullen.org,2021-06-02,http://www.mclaughlin-hubbard.net/
19,dB52fA7Bec665C1,Kristin,Valencia,Liu-Douglas,Martinezstad,French Southern Territories,443-671-1725x7073,6244311825,andrewsanders@marks.com,2021-04-17,http://www.myers.com/
20,e99DcfDaDac8a06,Hannah,Ramsey,Hicks-Duran,Port Adrianport,Singapore,(822)795-8754x29384,(769)638-7026x967,amy99@booker.com,2020-12-30,http://www.larsen-floyd.biz/
21,28D7BcC82d076F2,Barry,Meadows,"Weiss, King and Morrison",Wallston,Congo,629.168.7457,001-092-440-6540,basschristian@faulkner.com,2020-01-01,https://chavez.com/
22,Beb0D2e4BA54a51,Roy,Brock,Becker-Woodard,Port Martha,Zimbabwe,001-102-869-0189x1414,303.040.0780x2768,ldelacruz@spence.com,2021-06-27,https://www.norman.org/
23,EFe791B6Ce06A1A,Patricia,Pope,Zavala-Garcia,East Johnnystad,Tonga,775.341.8738x21724,(786)324-4817x9051,hayleyritter@price.net,2020-05-19,http://www.moyer.com/
24,Ebe45ac4Ae5e20C,Alan,Stanton,Munoz and Sons,Lake Isaiahview,Costa Rica,(510)542-0174x853,995.008.2375x973,yhebert@hays-rivera.com,2020-01-23,http://young.com/
25,E31a9699DF2A0eF,Philip,Flynn,Morton Ltd,West Guy,Oman,881-632-0721x11032,(881)992-9151x74921,austinhobbs@briggs.com,2020-09-05,http://huerta-cordova.info/
26,0748BdEFeb4834F,Mackenzie,Williamson,Hart-Klein,New Maxhaven,Saint Helena,+1-605-640-1833x70183,656.931.4990,zramos@haney.org,2020-03-06,http://www.allison-clements.com/
27,fEB05baEc5ba41d,Emily,Calderon,Todd-Acosta,Lake Sallyport,Cameroon,038.443.6100,618.908.5890,shelley82@jarvis.com,2021-06-17,http://www.larsen.org/
28,b9B3B5f1ba40FD3,Roberta,Walton,"Lamb, Little and Frazier",Campbellshire,Tonga,805-974-3346x026,001-324-540-6599x3227,sharigriffin@cameron.com,2020-11-15,https://quinn.biz/
29,Fc0Bb9CEbeE57b0,Steve,Mack,Cooper Ltd,Marilyntown,Panama,(079)726-1523,061.039.5513,rpace@huynh.com,2021-03-01,http://www.macdonald-lyons.com/
30,B5e2c7Cc5b2D5C0,Pedro,Jacobson,Hodge-Potts,Port Dariushaven,Guinea,187.217.1436x5325,075.320.9732,emullins@simpson-christensen.com,2021-09-02,http://www.guerra-armstrong.com/
31,3D72031D22EB2aC,Daniel,Harper,Gray-Collier,Carolinetown,Micronesia,4779933630,+1-544-607-3630x7852,patricialeach@hernandez.biz,2020-07-06,http://www.barajas-hendrix.com/
32,84d3FaE8D176217,Danny,Mayer,"Serrano, Carr and Hurst",West Bernardbury,Niger,+1-232-090-7002x568,(764)539-0967x909,mindy15@fuentes.org,2020-07-15,http://perkins.com/
33,942FAAB8898c6Fc,Jasmine,Owens,Stafford-Shannon,New Ross,Bosnia and Herzegovina,(685)119-0956,5024074926,jake39@little.com,2022-01-02,https://mckee-hill.net/
34,F0EdAbc86aac953,Ashley,Davies,Griffin-Ware,Lake Caitlynville,Bouvet Island (Bouvetoya),754.390.8594x022,188-155-9696x06994,mhudson@hardin.com,2021-03-09,https://www.bray.com/
35,2f4976cc8F8Cf7D,Shawn,Cruz,Daniel and Sons,Cardenasport,Svalbard & Jan Mayen Islands,309-608-9907,(615)894-4814x344,nlane@kane-pennington.com,2022-05-03,https://www.tran.net/
36,fDbB79FAB142707,Francis,Hubbard,Barron Group,West Makaylaton,Seychelles,+1-895-654-6918x3859,(182)766-9394x4641,savannah10@simpson.com,2021-03-17,https://www.velazquez-wright.com/
37,E75a5870e952cd6,Richard,Bennett,Fuentes LLC,West Tamara,Cote d'Ivoire,795-520-6262x14294,+1-519-673-2725x0502,cristian16@hill-beard.com,2021-01-12,https://www.frederick.com/
38,4C8E6AA7Ced5BAF,Vanessa,Hansen,Watkins-Romero,Kerryburgh,Netherlands,+1-134-667-1175x8813,+1-928-497-1358x88633,jasmineaustin@whitehead.info,2020-01-14,https://www.graves.info/
39,ec75Fb9C6A0DcF1,Joyce,Foster,Randolph LLC,Nataliestad,Korea,655.928.6486,+1-966-669-6464,samuel97@wyatt.com,2020-10-29,https://www.schmitt.com/
40,C2378a0b119b425,Marc,Medina,Pearson PLC,New Petershire,Japan,1874666215,237-063-6496x65292,karlgarrett@fischer.biz,2020-03-02,http://www.nicholson.org/
41,53D27CbE3b3CAf7,Darren,Santana,Guerra LLC,Meyerbury,French Southern Territories,+1-145-916-2809x14415,440.474.1607,biancahenry@hernandez.org,2021-06-11,http://www.gates.net/
42,3bcBa3CBB7EF52c,Mario,Moreno,Robles and Sons,Cathyview,United States Minor Outlying Islands,001-044-197-2628x678,001-592-920-6308x2332,marisa13@hickman.com,2022-02-12,https://www.gillespie.biz/
43,DFcebf7063e11ac,Daniel,Bush,Delacruz-Rosario,West Marthaview,Bouvet Island (Bouvetoya),891.885.1826,309.937.8982x96964,billymorris@lambert-irwin.com,2020-02-13,http://www.zhang.com/
44,fdd4F120dFFaaBA,Vanessa,Davenport,Barrera Group,South Brandi,Guinea,014.539.1066x2855,001-586-506-1699x536,barry91@howe.info,2020-05-10,https://www.davenport.com/
45,FA9584DEE86bBbE,Donald,Terry,Beasley-Perez,Port Rickeyport,Isle of Man,(381)211-7562x9960,905.051.0894x82461,kdavies@owen-humphrey.info,2021-01-04,http://www.grimes-summers.com/
46,fF8bc9C72D6c38b,Jill,Esparza,Herrera and Sons,Hendricksfort,Indonesia,001-218-793-7724x2810,253.141.8420,gregghendricks@conner-weiss.info,2020-09-24,http://harris.net/
47,6ADbBf35FBb6ebc,Tyler,Richard,Cline Inc,Serranoland,San Marino,(030)748-4061,(518)939-6401,alfredbradford@perry.com,2022-04-17,https://www.delacruz.com/
48,a75eDF85cC17DfB,Sonya,Moore,"Riggs, Pena and Hubbard",New Virginiamouth,Guyana,488.725.7447x7670,001-918-561-3514x2980,ngilmore@bush.net,2021-12-25,https://www.tyler.com/
49,E95Ce6e2d241660,Jonathon,Gillespie,Harrell Ltd,West Craig,Sudan,(335)620-5477x4774,353.020.5510,vgilbert@romero.biz,2020-06-23,https://www.long-hickman.com/
50,3E4Ac207eAE0d2E,Ryan,Lin,Harrell-Frank,West Nicolas,Thailand,284-076-2518x537,6934137441,dgould@graham-winters.com,2021-10-06,https://johns-sharp.com/
51,cFB0d4B976ef0Ca,Joel,Thomas,Lawrence-Robles,Paigeland,Guernsey,001-566-338-3073,7104971640,fsuarez@cooper-montes.biz,2021-10-21,http://mcgrath.org/
52,a0eb3D0bDcfB8Bd,Judith,Fischer,"Oconnor, Glover and Park",Lake Joshua,Isle of Man,6570280667,001-929-759-1013x923,natasha83@delacruz-edwards.com,2020-01-26,https://spencer.com/
53,A8205E5c66709D5,Roy,West,Finley Group,East Kaitlynfort,Micronesia,953.571.7565,001-400-483-7933,mbonilla@hampton.com,2020-01-22,https://www.lindsey.org/
54,047653F3f21E8B3,Rebekah,Morton,"Love, Farmer and Reid",Perezburgh,Malaysia,(238)946-3127x901,248-817-0962x74779,basskaylee@lynn-gill.biz,2021-08-19,https://www.leblanc.com/
55,83d9accaD6AFBF9,Jeremy,Guerra,Gamble Group,South Jeremiahberg,Nauru,001-343-604-8248x84492,142.473.8437x8627,lfaulkner@villanueva.com,2022-05-12,https://giles-newton.com/
56,95CA5DdFfd2279E,Brett,Shelton,Beard Group,Salinasmouth,Solomon Islands,153.551.1879x3694,402.445.0497x146,maystiffany@davidson.com,2022-04-21,https://richmond.com/
57,a0003BeCa9da94D,Gilbert,Meza,Howard Ltd,Dorseyfurt,Egypt,250-821-7086x670,565.200.3181x012,katie69@romero.net,2020-11-12,https://nolan.com/
58,fcC8D0ea0ace725,Kurt,Tapia,Adkins-Dixon,Hoodchester,Tokelau,+1-102-370-7901x263,(677)168-7134,valerie35@olsen.com,2020-10-11,http://www.fernandez-fisher.com/
59,F6De59D2A51BBbE,Sarah,Powell,Pearson-Choi,Masseyhaven,Palestinian Territory,586.224.7039,171-888-6974,ivanhiggins@charles-estrada.com,2021-09-30,https://www.mcneil.com/
60,30Cb5c2C58061ef,Andrea,Irwin,"Mayer, Taylor and Boyer",New Dianeborough,Bulgaria,+1-328-232-6506x9973,248-913-6702,xcallahan@cantu.com,2021-06-26,https://www.nguyen.com/
61,b365Aae63b2916B,Aimee,Hodge,Bennett and Sons,Mikestad,Aruba,(140)932-8681x897,(368)009-8825x60430,melvindrake@friedman-bradley.com,2021-10-22,https://www.cain-allen.com/
62,43f683C3361eb65,Doris,Drake,"Rich, Edwards and Miranda",Lukemouth,Indonesia,184-508-9386x4549,+1-839-084-8619x4015,carpentergary@vance-weeks.com,2022-03-03,https://www.snow.org/
63,5C533BB11bc8BDD,Randy,Tran,Vazquez-Orr,West Jim,Libyan Arab Jamahiriya,903-264-0524,(446)543-4319,duartejohnathan@pennington.com,2020-09-02,https://www.knight.net/
64,6b3cbCf4dc29720,Allison,Webster,Hayden-Villanueva,East Deborah,Turks and Caicos Islands,341-979-6141x4780,0812968881,zbrock@blevins-payne.com,2020-03-10,http://www.rush.biz/
65,DC63a02BDa14af4,Nicholas,Mcclure,"Roy, Myers and Fox",East Nicolechester,Nepal,040-706-1022x241,909.727.3778,phelpsandres@hartman-cooper.org,2021-03-15,http://www.levine.com/
66,d8cCD02E409D5F2,Gene,Wu,"Chambers, Nielsen and David",Noblefort,Bulgaria,+1-956-239-0423x80834,001-414-382-8351,nataliefarley@richardson.com,2021-10-05,http://carrillo.com/
67,Ca492c76A52Da9F,Kelli,Bridges,"Black, Richardson and Sandoval",Lake Aaron,Mongolia,5657167326,220.834.4618x14578,daisyblair@walsh-holmes.org,2021-12-05,https://www.trevino.info/
68,fA99aEF4eE28aD8,Summer,Washington,Benjamin LLC,North Elizabeth,Grenada,3412967650,9330266446,thomasnicholas@blankenship-ford.com,2021-09-26,https://www.wagner.org/
69,B5F6D5dB5eBDfcE,Ann,Ayala,Walton-Carter,Johnchester,Ireland,965-375-4761x8648,+1-892-497-8783x07375,hburke@duke-mcmahon.com,2020-12-05,https://www.copeland.org/
70,9bb3fF7Dfc04f9c,Alfred,Hooper,Pope-Mcpherson,New Sarah,Papua New Guinea,(050)541-0069,080.240.2511,lonnielittle@hoffman-meadows.com,2020-03-15,http://moyer.com/
71,21C1a2E1e9Cf6cC,Brandon,Robbins,"Stark, Deleon and Mann",West Erikview,Netherlands,422-099-2274x577,634.035.7567x20178,qmcdaniel@cruz.net,2020-12-20,https://www.acevedo-macdonald.net/
72,eB53B2FaD51aeF7,Wesley,Cobb,Bruce LLC,Port Spencer,Congo,480-924-1413,6577055396,austinvang@glenn.com,2021-06-22,https://deleon.com/
73,5Baa5DE49cA3d9B,Caleb,Salas,Hughes Ltd,West Tanner,Korea,284-269-8039x213,2291250365,shortfrederick@cobb.net,2020-01-12,https://www.roach.com/
74,C2f62DB8E8e0fAB,George,Long,"Cochran, Sweeney and Miles",Damonborough,Cote d'Ivoire,292.292.1103x0768,(252)863-4103x848,yolanda69@rosario.com,2022-01-09,http://www.blankenship.com/
75,592e432eBdCaa33,Taylor,Kemp,"Webb, Bauer and Mcknight",Port Charlene,Tuvalu,001-768-645-9632x3754,+1-671-771-9340x9839,michaela80@russell.com,2020-07-21,http://www.terrell.com/
76,eAEc7BAD1D2B9FA,Steve,Horn,Choi and Sons,Guymouth,Kuwait,001-599-157-7138,9954083334,ashley39@garrison.com,2020-02-26,https://www.rodgers.biz/
77,a54A4C6DDB7df29,Danielle,Spears,Conner-Braun,Karlaview,Azerbaijan,+1-616-392-7862x70763,8792516311,alan50@hobbs.info,2021-09-13,https://valdez-li.org/
78,BDCCEdccFd0FB6a,Jillian,Ortiz,Bean-Fuentes,Josephtown,Israel,+1-696-155-3546,001-790-882-2468x3663,hsantos@lopez.info,2020-05-21,http://whitehead.info/
79,e8f4b4D1FcF5Fc3,Joshua,Ortega,"Herman, Preston and Spence",Lake Brittney,Uzbekistan,+1-734-076-1901x55246,001-569-506-8227,robbinsgordon@dyer-kim.info,2021-09-29,http://barr-salas.org/
80,45c6AB9eF9d8ADd,Sherry,Cantu,Everett and Sons,Younghaven,Kiribati,001-273-927-5314x56481,3058537703,meghanfernandez@patel-todd.com,2020-11-02,http://schaefer.com/
81,7D8EFBe9cB0ceb9,Eric,Pittman,Galvan-Stafford,Lake Laura,France,001-877-800-2510x09728,572-530-6860,gabrielarobbins@hawkins-bernard.com,2020-09-05,http://www.benson-keller.com/
82,fCBFFE1D1D7EbFf,Wanda,Cowan,Cherry-Yates,North Nathanielton,Brunei Darussalam,001-205-431-0213x5471,(917)935-2327x3320,qlarson@berry.biz,2021-09-24,http://www.potts-conrad.com/
83,8Dde1eb3cf408B5,John,Chen,"Michael, Mayo and Bishop",Shannonbury,Djibouti,(733)256-6473x125,1822755459,hmorgan@olson.com,2020-04-30,https://ibarra.com/
84,3ACcE1d8aBB63ae,Francisco,Stanley,"Brewer, Trevino and Key",Rickeychester,Italy,001-090-771-1995x209,198.341.1742,charlottemercer@hensley.net,2020-12-12,http://watson-frye.org/
85,C68542ae05DAC48,Dillon,Gallegos,Lindsey LLC,Port Jon,Macao,836.527.9927x34601,056-265-8970x614,escobarisabella@harrell-santiago.info,2020-10-13,https://kirk-skinner.com/
86,1bD2d3D04d9C9E8,Rebekah,Pruitt,Dunlap-Chambers,Stephenfort,Ghana,001-443-474-4235x51256,358.297.8985,jessica36@hart.com,2021-08-17,https://www.mccormick.biz/
87,21296ee3eE1Ff8a,Marcia,Vaughan,Yu-Roy,Petersbury,Equatorial Guinea,742.373.3173,001-302-878-6175x08344,ellen80@bonilla.com,2020-10-22,http://jefferson.com/
88,CD73bc8Fa7Be64E,Sierra,Bautista,Lynch Inc,Butlerberg,Heard Island and McDonald Islands,001-209-997-8162x72724,759.775.4540,chavezrandall@mckinney-stafford.net,2020-05-27,https://www.anthony.net/
89,5DC66d7c82fB027,Kevin,Chase,"Morris, Hurst and Mccarty",Bradstad,Heard Island and McDonald Islands,863-881-8404x487,+1-348-270-4520x9230,gravesgrace@molina.org,2020-06-23,http://wise-mendez.com/
90,D064cF5496671B5,Ronnie,Hurley,Rush-Baird,Julianmouth,Liechtenstein,(347)486-6963,(837)301-1992x73450,hhuerta@morris-case.info,2021-04-25,https://zimmerman.com/
91,bA72ec0ec4fDA49,Justin,Huang,"Warren, Davenport and Hanna",Jadeland,Korea,883-237-4786x25921,(374)342-8039x622,ydavid@potter.com,2022-05-16,http://sampson-marshall.biz/
92,b40Ff873cC39CaE,Phyllis,Cummings,Hickman-Wells,Lake Danberg,United Arab Emirates,395.317.5194x78424,+1-505-416-9028x00300,colealexander@turner.biz,2020-09-20,http://www.atkinson-may.com/
93,feABEd13C7DcEDD,Collin,Jackson,"Floyd, Moyer and Hodges",Damonside,Greece,(106)631-6431x8449,+1-440-944-1793x91144,carpenterkylie@chambers-frost.com,2021-02-11,http://henry.com/
94,D6bAddB76237B9F,Terry,Chapman,Huffman LLC,Maryland,Heard Island and McDonald Islands,+1-020-368-6749x8950,(631)274-6737x26447,adrian55@gardner-gaines.com,2022-04-14,https://www.gutierrez-lloyd.com/
95,0fdCdc9c49C089A,Greg,Cortez,"Barajas, Hale and Ferguson",Knightmouth,Mayotte,579.250.1047,001-620-909-8580x84663,bonillaalex@cervantes.org,2021-03-20,http://www.mayer.com/
96,538Bdaef89F7672,Elaine,Hendrix,"Goodwin, Lambert and Lowery",South Veronicafurt,Fiji,3010334267,111-173-4785x11133,maureen18@barr.org,2020-12-24,http://mccarty-meza.info/
97,F231DF54939Fa4C,Marvin,Buchanan,Lowe-Mathis,Sheriville,Cuba,058-381-7608,+1-912-237-4307x878,ocole@sanders-lowery.net,2020-04-22,http://www.price.com/
98,5EDb197afE9965F,Paul,Moore,White-George,Marcoburgh,Brazil,(451)968-9182,+1-454-876-8759x02495,spencerbright@powell.biz,2021-12-10,https://wall-reid.com/
99,4f0B0BdAEDeC2F8,Grant,Tanner,Downs Group,Holdenchester,Chad,001-155-288-8390x9946,+1-073-135-3038x2148,dawncoffey@barker.com,2022-05-15,https://newton-esparza.net/
